"Data","Último","Abertura","Máxima","Mínima","Vol.","Var%"
"13.05.2026","177.098","180.342","180.513","176.787","12,62B","-1,80%"
"12.05.2026","180.342","181.897","181.897","179.939","9,06B","-0,86%"
"11.05.2026","181.909","184.103","184.530","181.615","8,78B","-1,19%"
"08.05.2026","184.108","183.222","185.584","183.217","9,21B","0,49%"
"07.05.2026","183.218","187.690","187.779","182.868","9,64B","-2,38%"
"06.05.2026","187.691","186.762","188.674","186.762","8,84B","0,50%"
"05.05.2026","186.754","185.597","187.428","185.364","8,63B","0,62%"
"04.05.2026","185.600","187.318","187.666","185.538","7,54B","-0,92%"
"30.04.2026","187.318","184.759","187.921","184.759","8,99B","1,39%"
"29.04.2026","184.750","188.619","188.710","184.504","9,05B","-2,05%"
"28.04.2026","188.619","189.579","189.579","187.237","7,51B","-0,51%"
"27.04.2026","189.579","190.745","191.340","189.579","6,66B","-0,61%"
"24.04.2026","190.745","191.378","191.390","189.963","7,22B","-0,33%"
"23.04.2026","191.378","192.889","193.347","190.930","7,76B","-0,78%"
"22.04.2026","192.889","196.132","196.132","192.687","8,40B","-1,65%"
"20.04.2026","196.132","195.734","196.724","195.282","6,77B","0,20%"
"17.04.2026","195.734","196.819","198.666","195.368","12,19B","-0,55%"
"16.04.2026","196.819","197.738","198.587","196.354","9,29B","-0,46%"
"15.04.2026","197.738","198.657","199.232","196.966","10,71B","-0,46%"
"14.04.2026","198.657","198.001","199.355","198.001","9,22B","0,33%"
"13.04.2026","198.001","197.324","198.173","196.223","9,95B","0,34%"
"10.04.2026","197.324","195.130","197.554","195.129","9,66B","1,12%"
"09.04.2026","195.129","192.206","195.514","192.206","9,38B","1,52%"
"08.04.2026","192.201","188.261","193.759","188.260","12,59B","2,09%"
"07.04.2026","188.259","188.162","188.259","185.885","8,75B","0,05%"
"06.04.2026","188.162","188.054","189.220","187.811","5,70B","0,06%"
"02.04.2026","188.052","187.923","189.251","185.214","7,08B","0,05%"
"01.04.2026","187.953","187.463","189.131","187.256","10,56B","0,26%"
"31.03.2026","187.462","182.515","187.508","182.515","11,39B","2,71%"
"30.03.2026","182.514","181.561","184.414","181.559","7,70B","0,53%"
"27.03.2026","181.557","182.733","183.351","180.976","8,07B","-0,64%"
"26.03.2026","182.733","185.424","185.424","182.570","7,81B","-1,45%"
"25.03.2026","185.424","182.528","186.401","182.524","9,07B","1,60%"
"24.03.2026","182.509","181.932","182.649","179.915","7,56B","0,32%"
"23.03.2026","181.932","176.221","182.973","176.221","9,87B","3,24%"
"20.03.2026","176.219","180.262","180.305","175.039","15,35B","-2,25%"
"19.03.2026","180.271","179.624","181.251","176.296","12,56B","0,35%"
"18.03.2026","179.640","180.409","181.551","179.576","9,75B","-0,43%"
"17.03.2026","180.410","179.882","182.800","179.850","9,33B","0,30%"
"16.03.2026","179.875","177.656","181.255","177.656","7,37B","1,25%"
"13.03.2026","177.653","179.285","180.996","177.322","9,53B","-0,91%"
"12.03.2026","179.284","183.968","183.992","178.495","12,08B","-2,55%"
"11.03.2026","183.969","183.446","185.714","182.021","8,96B","0,28%"
"10.03.2026","183.447","180.921","185.324","180.693","10,08B","1,40%"
"09.03.2026","180.915","179.367","181.952","177.637","11,42B","0,86%"
"06.03.2026","179.365","180.463","181.091","178.556","9,92B","-0,61%"
"05.03.2026","180.464","185.365","185.366","179.895","10,60B","-2,64%"
"04.03.2026","185.366","183.110","186.306","183.110","9,11B","1,24%"
"03.03.2026","183.105","189.284","189.602","180.518","14,37B","-3,28%"
"02.03.2026","189.307","188.786","190.110","186.638","9,09B","0,28%"
"27.02.2026","188.787","191.005","191.005","188.478","11,00B","-1,16%"
"26.02.2026","191.005","191.248","191.978","188.977","8,80B","-0,13%"
"25.02.2026","191.247","191.491","192.624","190.419","9,13B","-0,13%"
"24.02.2026","191.490","188.854","191.781","188.854","11,04B","1,40%"
"23.02.2026","188.853","190.532","191.003","188.526","9,90B","-0,88%"
"20.02.2026","190.534","188.531","190.727","186.700","9,99B","1,06%"
"19.02.2026","188.534","186.020","188.687","185.928","9,23B","1,35%"
"18.02.2026","186.016","186.464","187.657","185.001","7,79B","-0,24%"
"13.02.2026","186.464","187.766","187.766","183.662","11,59B","-0,69%"
"12.02.2026","187.766","189.694","189.990","186.959","12,36B","-1,02%"
"11.02.2026","189.699","185.936","190.561","185.936","11,64B","2,03%"
"10.02.2026","185.929","186.241","186.959","185.083","10,30B","-0,17%"
"09.02.2026","186.241","182.950","186.460","182.950","8,92B","1,80%"
"06.02.2026","182.950","182.128","183.262","181.391","9,90B","0,45%"
"05.02.2026","182.127","181.708","184.017","181.569","9,83B","0,23%"
"04.02.2026","181.708","185.671","185.671","180.269","10,73B","-2,14%"
"03.02.2026","185.674","182.816","187.334","182.816","10,76B","1,58%"
"02.02.2026","182.793","181.369","182.890","181.348","8,74B","0,79%"
"30.01.2026","181.364","183.133","183.620","180.089","11,11B","-0,97%"
"29.01.2026","183.134","184.692","186.450","181.567","12,95B","-0,84%"
"28.01.2026","184.691","181.921","185.065","181.921","11,86B","1,52%"
"27.01.2026","181.919","178.852","183.360","178.852","11,34B","1,79%"
"26.01.2026","178.721","178.859","179.543","177.694","9,57B","-0,08%"
"23.01.2026","178.859","175.590","180.532","175.590","11,78B","1,86%"
"22.01.2026","175.589","171.817","177.742","171.817","14,02B","2,20%"
"21.01.2026","171.817","166.278","171.969","166.278","14,07B","3,33%"
"20.01.2026","166.277","164.846","166.468","163.575","8,37B","0,87%"
"19.01.2026","164.849","164.800","165.155","164.265","4,80B","0,03%"
"16.01.2026","164.800","165.557","165.872","164.100","11,49B","-0,46%"
"15.01.2026","165.568","165.180","166.070","164.833","9,41B","0,26%"
"14.01.2026","165.146","161.974","165.146","161.974","9,93B","1,96%"
"13.01.2026","161.973","163.146","163.146","161.765","9,67B","-0,72%"
"12.01.2026","163.150","163.370","163.493","162.277","6,90B","-0,13%"
"09.01.2026","163.370","162.938","164.263","162.638","8,30B","0,27%"
"08.01.2026","162.936","161.975","162.936","161.748","8,61B","0,59%"
"07.01.2026","161.975","163.661","163.661","161.746","8,85B","-1,03%"
"06.01.2026","163.664","161.870","164.135","161.870","8,41B","1,11%"
"05.01.2026","161.870","160.542","162.166","160.215","7,99B","0,83%"
"02.01.2026","160.539","161.124","161.957","160.059","7,46B","-0,36%"
"30.12.2025","161.125","160.491","162.075","160.491","5,87B","0,40%"
"29.12.2025","160.490","160.897","161.133","159.702","5,61B","-0,25%"
"26.12.2025","160.897","160.456","160.913","159.359","4,79B","0,27%"
"23.12.2025","160.456","158.144","160.456","158.144","6,57B","1,46%"
"22.12.2025","158.142","158.480","158.634","157.306","8,42B","-0,21%"
"19.12.2025","158.473","157.928","159.552","157.906","9,95B","0,35%"
"18.12.2025","157.923","157.327","158.495","157.124","7,80B","0,38%"
"17.12.2025","157.327","158.578","158.611","156.351","11,34B","-0,79%"
"16.12.2025","158.578","162.482","162.482","158.558","9,92B","-2,40%"
"15.12.2025","162.482","160.766","163.073","160.766","8,23B","1,07%"
"12.12.2025","160.766","159.189","161.263","159.189","7,67B","0,99%"
"11.12.2025","159.189","159.072","159.850","158.098","7,02B","0,07%"
"10.12.2025","159.075","157.984","159.691","157.628","8,24B","0,69%"
"09.12.2025","157.981","158.187","158.851","155.188","8,70B","-0,13%"
"08.12.2025","158.187","157.369","159.235","157.369","9,02B","0,52%"
"05.12.2025","157.369","164.461","165.036","157.007","14,53B","-4,31%"
"04.12.2025","164.456","161.760","164.551","161.759","10,59B","1,67%"
"03.12.2025","161.755","161.094","161.963","161.093","8,29B","0,41%"
"02.12.2025","161.092","158.612","161.092","158.612","8,43B","1,56%"
"01.12.2025","158.611","159.073","159.224","158.029","7,50B","-0,29%"
"28.11.2025","159.072","158.358","159.689","158.078","8,02B","0,45%"
"27.11.2025","158.360","158.554","158.864","158.167","4,47B","-0,12%"
"26.11.2025","158.555","155.915","158.714","155.914","8,60B","1,70%"
"25.11.2025","155.910","155.278","156.373","154.821","6,93B","0,41%"
"24.11.2025","155.278","154.769","155.832","154.529","9,28B","0,33%"
"21.11.2025","154.770","155.381","155.387","153.571","7,85B","-0,39%"
"19.11.2025","155.381","156.522","156.522","155.212","8,82B","-0,73%"
"18.11.2025","156.522","156.990","157.040","155.834","8,72B","-0,30%"
"17.11.2025","156.993","157.742","157.901","156.568","8,42B","-0,47%"
"14.11.2025","157.739","157.162","158.366","156.656","7,98B","0,37%"
"13.11.2025","157.162","157.633","158.319","156.509","10,56B","-0,30%"
"12.11.2025","157.633","157.749","158.134","156.560","11,23B","-0,07%"
"11.11.2025","157.749","155.257","158.467","155.252","12,88B","1,60%"
"10.11.2025","155.257","154.061","155.601","154.058","7,75B","0,77%"
"07.11.2025","154.064","153.339","154.066","152.368","9,47B","0,47%"
"06.11.2025","153.339","153.297","154.352","153.235","9,39B","0,03%"
"05.11.2025","153.294","150.709","153.583","150.296","9,80B","1,72%"
"04.11.2025","150.704","150.453","150.888","149.979","7,54B","0,17%"
"03.11.2025","150.454","149.551","150.761","149.551","7,67B","0,61%"
"31.10.2025","149.540","148.774","149.636","148.774","8,91B","0,51%"
"30.10.2025","148.780","148.632","149.234","147.546","7,30B","0,10%"
"29.10.2025","148.633","147.430","149.067","147.430","8,00B","0,82%"
"28.10.2025","147.429","146.970","147.811","146.575","7,11B","0,31%"
"27.10.2025","146.969","146.174","147.977","146.174","6,45B","0,55%"
"24.10.2025","146.172","145.721","147.240","145.721","6,49B","0,31%"
"23.10.2025","145.721","144.881","146.358","144.881","6,60B","0,59%"
"22.10.2025","144.873","144.094","145.048","144.039","7,02B","0,55%"
"21.10.2025","144.085","144.509","144.795","143.829","6,19B","-0,29%"
"20.10.2025","144.509","143.399","145.216","143.396","6,79B","0,77%"
"17.10.2025","143.399","142.200","143.424","141.248","8,88B","0,84%"
"16.10.2025","142.200","142.604","143.191","141.446","7,39B","-0,28%"
"15.10.2025","142.604","141.683","142.905","141.154","10,32B","0,65%"
"14.10.2025","141.683","141.788","142.589","141.334","7,12B","-0,07%"
"13.10.2025","141.783","140.682","142.303","140.682","5,53B","0,78%"
"10.10.2025","140.680","141.725","142.274","140.231","8,28B","-0,73%"
"09.10.2025","141.708","142.148","143.212","141.603","6,82B","-0,31%"
"08.10.2025","142.145","141.356","142.385","141.356","7,53B","0,56%"
"07.10.2025","141.356","143.606","143.606","141.035","9,27B","-1,57%"
"06.10.2025","143.608","144.202","144.532","143.376","5,98B","-0,41%"
"03.10.2025","144.201","143.950","144.518","143.676","6,18B","0,17%"
"02.10.2025","143.950","145.517","145.621","143.635","7,25B","-1,08%"
"01.10.2025","145.517","146.237","146.879","145.193","8,34B","-0,49%"
"30.09.2025","146.237","146.337","147.578","145.774","9,48B","-0,07%"
"29.09.2025","146.337","145.447","147.558","145.447","7,07B","0,61%"
"26.09.2025","145.447","145.326","146.235","145.146","6,34B","0,10%"
"25.09.2025","145.306","146.492","146.519","145.187","8,29B","-0,81%"
"24.09.2025","146.492","146.426","146.585","146.067","7,29B","0,05%"
"23.09.2025","146.425","145.112","147.178","145.107","8,14B","0,91%"
"22.09.2025","145.109","145.864","145.864","144.117","9,43B","-0,52%"
"19.09.2025","145.865","145.499","146.399","145.496","10,28B","0,25%"
"18.09.2025","145.499","145.594","145.726","144.993","8,37B","-0,06%"
"17.09.2025","145.594","144.059","146.331","143.910","9,60B","1,06%"
"16.09.2025","144.062","143.547","144.584","143.547","8,48B","0,36%"
"15.09.2025","143.547","142.292","144.194","142.292","6,61B","0,90%"
"12.09.2025","142.272","143.151","143.202","142.241","6,39B","-0,61%"
"11.09.2025","143.151","142.349","144.013","142.349","7,57B","0,56%"
"10.09.2025","142.349","141.612","143.182","141.612","7,14B","0,52%"
"09.09.2025","141.618","141.794","142.286","141.605","7,48B","-0,12%"
"08.09.2025","141.792","142.640","143.089","141.329","7,44B","-0,59%"
"05.09.2025","142.640","141.003","143.409","141.003","8,38B","1,17%"
"04.09.2025","140.993","139.832","141.482","139.832","8,03B","0,81%"
"03.09.2025","139.864","140.332","140.496","139.582","7,58B","-0,34%"
"02.09.2025","140.335","141.279","141.279","139.625","8,79B","-0,67%"
"01.09.2025","141.283","141.423","141.950","140.878","4,95B","-0,10%"
"29.08.2025","141.422","141.049","142.379","141.000","9,33B","0,26%"
"28.08.2025","141.049","139.206","142.138","139.206","9,29B","1,32%"
"27.08.2025","139.206","137.773","139.281","137.456","6,61B","1,04%"
"26.08.2025","137.771","138.026","138.037","137.058","8,45B","-0,18%"
"25.08.2025","138.025","137.971","138.890","137.971","5,99B","0,04%"
"22.08.2025","137.968","134.511","138.072","134.511","9,32B","2,57%"
"21.08.2025","134.511","134.664","134.837","133.874","6,52B","-0,12%"
"20.08.2025","134.666","134.430","134.964","134.122","6,85B","0,17%"
"19.08.2025","134.432","137.321","137.321","133.997","8,68B","-2,10%"
"18.08.2025","137.322","136.341","137.902","136.341","8,09B","0,72%"
"15.08.2025","136.341","136.354","136.431","135.583","9,29B","-0,01%"
"14.08.2025","136.356","136.681","137.437","135.588","9,67B","-0,24%"
"13.08.2025","136.687","137.911","137.913","136.535","9,40B","-0,89%"
"12.08.2025","137.914","135.629","138.414","135.629","8,34B","1,69%"
"11.08.2025","135.623","135.913","136.307","135.496","6,95B","-0,21%"
"08.08.2025","135.913","136.526","136.761","135.659","9,89B","-0,45%"
"07.08.2025","136.528","134.538","137.007","134.533","9,50B","1,48%"
"06.08.2025","134.538","133.169","135.241","133.169","8,68B","1,04%"
"05.08.2025","133.151","132.971","134.233","132.682","6,61B","0,14%"
"04.08.2025","132.971","132.440","133.929","132.440","6,14B","0,40%"
"01.08.2025","132.437","132.920","133.237","132.140","8,50B","-0,48%"
"31.07.2025","133.071","133.987","133.987","132.096","9,20B","-0,69%"
"30.07.2025","133.990","132.702","134.368","131.883","8,66B","0,95%"
"29.07.2025","132.726","132.130","133.346","132.130","6,32B","0,45%"
"28.07.2025","132.129","133.538","133.902","131.550","6,63B","-1,04%"
"25.07.2025","133.524","133.820","134.204","133.285","5,56B","-0,21%"
"24.07.2025","133.808","135.357","135.363","133.648","5,98B","-1,15%"
"23.07.2025","135.368","134.036","135.782","133.676","6,53B","0,99%"
"22.07.2025","134.036","134.180","135.300","133.986","7,05B","-0,10%"
"21.07.2025","134.167","133.382","134.865","133.367","6,73B","0,59%"
"18.07.2025","133.382","135.562","135.562","133.296","10,07B","-1,61%"
"17.07.2025","135.565","135.515","135.792","135.016","6,80B","0,04%"
"16.07.2025","135.511","135.250","135.641","134.265","7,83B","0,19%"
"15.07.2025","135.250","135.298","136.022","134.380","6,90B","-0,04%"
"14.07.2025","135.299","136.187","136.187","134.840","7,33B","-0,65%"
"11.07.2025","136.187","136.742","136.742","135.528","7,40B","-0,41%"
"10.07.2025","136.743","137.472","137.472","136.014","9,57B","-0,54%"
"09.07.2025","137.481","139.303","139.331","137.299","7,58B","-1,31%"
"08.07.2025","139.303","139.491","139.591","138.770","6,75B","-0,13%"
"07.07.2025","139.490","141.265","141.342","139.295","6,12B","-1,26%"
"04.07.2025","141.264","140.928","141.564","140.597","3,31B","0,24%"
"03.07.2025","140.928","139.051","141.304","139.051","6,08B","1,35%"
"02.07.2025","139.051","139.586","140.049","138.384","8,81B","-0,36%"
"01.07.2025","139.549","138.855","139.695","138.855","6,35B","0,50%"
"30.06.2025","138.855","136.865","139.103","136.430","7,68B","1,45%"
"27.06.2025","136.866","137.113","137.209","136.469","6,24B","-0,18%"
"26.06.2025","137.114","135.767","137.353","135.756","8,02B","0,99%"
"25.06.2025","135.767","137.163","137.163","135.565","7,71B","-1,02%"
"24.06.2025","137.165","136.552","138.156","136.254","8,08B","0,45%"
"23.06.2025","136.551","137.116","137.130","135.835","7,73B","-0,41%"
"20.06.2025","137.116","138.715","138.719","136.815","11,29B","-1,15%"
"18.06.2025","138.717","138.844","139.161","138.443","8,32B","-0,09%"
"17.06.2025","138.840","139.256","139.497","138.293","8,38B","-0,30%"
"16.06.2025","139.256","137.212","139.988","137.212","7,62B","1,49%"
"13.06.2025","137.213","137.800","137.800","136.586","8,63B","-0,43%"
"12.06.2025","137.800","137.127","137.931","136.175","7,12B","0,49%"
"11.06.2025","137.128","136.443","137.531","135.628","8,77B","0,51%"
"10.06.2025","136.436","135.716","137.369","135.716","8,19B","0,54%"
"09.06.2025","135.699","136.102","136.106","134.119","7,76B","-0,30%"
"06.06.2025","136.102","136.236","136.890","135.601","9,12B","-0,10%"
"05.06.2025","136.236","137.003","137.451","136.031","9,48B","-0,56%"
"04.06.2025","137.002","137.547","138.797","136.695","10,20B","-0,40%"
"03.06.2025","137.546","136.787","137.672","136.175","9,70B","0,56%"
"02.06.2025","136.787","137.026","138.471","136.483","9,10B","-0,18%"
"30.05.2025","137.027","138.546","138.637","136.726","15,14B","-1,09%"
"29.05.2025","138.534","138.869","139.108","137.993","8,83B","-0,25%"
"28.05.2025","138.888","139.541","139.547","138.580","9,73B","-0,47%"
"27.05.2025","139.541","138.136","140.382","138.136","11,19B","1,02%"
"26.05.2025","138.136","137.824","138.800","137.795","5,55B","0,23%"
"23.05.2025","137.824","137.273","137.824","134.997","10,68B","0,40%"
"22.05.2025","137.273","137.881","138.837","137.088","13,22B","-0,44%"
"21.05.2025","137.881","140.109","140.109","137.538","10,15B","-1,59%"
"20.05.2025","140.110","139.636","140.244","138.966","9,65B","0,34%"
"19.05.2025","139.636","139.186","140.203","138.587","9,59B","0,32%"
"16.05.2025","139.187","139.335","139.335","137.713","12,11B","-0,11%"
"15.05.2025","139.334","138.425","139.408","138.321","11,50B","0,66%"
"14.05.2025","138.423","138.965","139.362","138.228","11,16B","-0,39%"
"13.05.2025","138.963","136.565","139.419","136.550","13,07B","1,76%"
"12.05.2025","136.563","136.516","137.519","136.356","10,92B","0,04%"
"09.05.2025","136.512","136.232","137.286","136.105","13,88B","0,21%"
"08.05.2025","136.232","133.458","137.635","133.458","17,20B","2,12%"
"07.05.2025","133.398","133.517","134.110","132.872","9,94B","-0,09%"
"06.05.2025","133.516","133.499","134.135","133.260","11,14B","0,02%"
"05.05.2025","133.491","135.131","135.198","133.390","10,80B","-1,22%"
"02.05.2025","135.134","135.067","135.275","134.355","12,74B","0,05%"
"30.04.2025","135.067","135.094","135.171","133.955","15,45B","-0,02%"
"29.04.2025","135.093","135.017","136.150","134.899","12,76B","0,06%"
"28.04.2025","135.016","134.741","135.709","134.711","11,45B","0,21%"
"25.04.2025","134.739","134.579","134.992","134.186","13,05B","0,12%"
"24.04.2025","134.580","132.245","134.938","132.223","14,11B","1,79%"
"23.04.2025","132.216","130.468","133.318","130.468","11,34B","1,34%"
"22.04.2025","130.464","129.650","130.877","128.726","8,61B","0,63%"
"17.04.2025","129.650","128.316","130.091","127.973","9,98B","1,04%"
"16.04.2025","128.317","129.245","129.605","128.149","11,54B","-0,72%"
"15.04.2025","129.245","129.452","129.927","128.951","8,84B","-0,16%"
"14.04.2025","129.454","127.683","129.955","127.683","10,61B","1,39%"
"11.04.2025","127.682","126.355","128.386","126.078","10,08B","1,05%"
"10.04.2025","126.355","127.796","127.797","124.895","11,46B","-1,13%"
"09.04.2025","127.796","123.928","128.649","122.887","16,92B","3,12%"
"08.04.2025","123.932","125.588","127.652","123.454","12,81B","-1,32%"
"07.04.2025","125.588","127.229","128.411","123.876","14,05B","-1,31%"
"04.04.2025","127.256","131.139","131.139","126.466","13,18B","-2,96%"
"03.04.2025","131.141","131.185","132.552","130.182","12,33B","-0,04%"
"02.04.2025","131.190","131.151","131.424","130.393","8,82B","0,03%"
"01.04.2025","131.147","130.267","131.982","130.081","8,97B","0,68%"
"31.03.2025","130.260","131.900","131.901","130.115","9,99B","-1,25%"
"28.03.2025","131.902","133.143","133.143","131.315","8,91B","-0,94%"
"27.03.2025","133.149","132.522","133.904","132.479","10,02B","0,47%"
"26.03.2025","132.520","132.069","132.984","132.068","9,40B","0,34%"
"25.03.2025","132.068","131.327","133.471","131.325","9,24B","0,57%"
"24.03.2025","131.321","132.344","132.424","130.992","8,30B","-0,77%"
"21.03.2025","132.345","132.005","132.588","131.776","14,19B","0,30%"
"20.03.2025","131.955","132.505","132.713","131.813","14,19B","-0,42%"
"19.03.2025","132.508","131.476","132.984","131.451","12,20B","0,79%"
"18.03.2025","131.475","130.832","131.834","130.722","10,99B","0,49%"
"17.03.2025","130.834","128.959","131.313","128.957","11,06B","1,46%"
"14.03.2025","128.957","125.647","129.194","125.647","14,57B","2,64%"
"13.03.2025","125.637","123.863","125.774","123.590","11,26B","1,43%"
"12.03.2025","123.864","123.507","124.048","122.969","8,25B","0,29%"
"11.03.2025","123.507","124.519","124.625","122.636","8,81B","-0,81%"
"10.03.2025","124.519","125.031","125.031","123.471","9,37B","-0,41%"
"07.03.2025","125.035","123.357","125.822","122.530","9,98B","1,36%"
"06.03.2025","123.358","123.048","124.112","122.681","10,06B","0,25%"
"05.03.2025","123.047","122.799","123.364","122.747","9,60B","0,20%"
"28.02.2025","122.799","124.798","124.916","122.659","24,87B","-1,60%"
"27.02.2025","124.799","124.768","125.497","124.352","12,55B","0,02%"
"26.02.2025","124.769","125.980","126.563","124.732","11,36B","-0,96%"
"25.02.2025","125.980","125.401","126.718","125.382","11,08B","0,46%"
"24.02.2025","125.401","127.129","127.275","125.162","10,15B","-1,36%"
"21.02.2025","127.128","127.601","127.654","126.483","11,09B","-0,37%"
"20.02.2025","127.601","127.309","127.871","127.063","10,64B","0,23%"
"19.02.2025","127.309","128.528","128.528","127.028","9,30B","-0,95%"
"18.02.2025","128.532","128.553","129.294","128.012","10,99B","-0,02%"
"17.02.2025","128.552","128.229","129.534","128.229","9,97B","0,26%"
"14.02.2025","128.219","124.849","128.482","124.849","12,56B","2,70%"
"13.02.2025","124.850","124.372","124.853","123.778","9,05B","0,38%"
"12.02.2025","124.380","126.513","126.513","124.116","14,63B","-1,69%"
"11.02.2025","126.522","125.571","126.886","125.570","11,24B","0,76%"
"10.02.2025","125.572","124.619","126.386","124.619","8,91B","0,76%"
"07.02.2025","124.619","126.219","126.524","124.320","10,95B","-1,27%"
"06.02.2025","126.225","125.531","126.399","125.249","10,03B","0,55%"
"05.02.2025","125.534","125.146","125.846","124.637","9,96B","0,31%"
"04.02.2025","125.147","125.964","125.964","124.694","9,78B","-0,65%"
"03.02.2025","125.970","126.135","126.473","125.566","9,55B","-0,13%"
"31.01.2025","126.135","126.914","127.532","126.057","10,24B","-0,61%"
"30.01.2025","126.913","123.433","127.169","123.432","11,69B","2,82%"
"29.01.2025","123.432","124.056","124.767","123.278","7,35B","-0,50%"
"28.01.2025","124.056","124.861","124.881","123.973","8,31B","-0,65%"
"27.01.2025","124.862","122.443","124.862","122.207","11,02B","1,97%"
"24.01.2025","122.447","122.483","122.908","122.196","7,78B","-0,03%"
"23.01.2025","122.483","122.965","123.958","122.159","9,49B","-0,40%"
"22.01.2025","122.972","123.345","123.865","122.926","9,98B","-0,30%"
"21.01.2025","123.338","122.850","123.462","122.290","7,82B","0,39%"
"20.01.2025","122.855","122.349","123.172","121.511","6,05B","0,41%"
"17.01.2025","122.350","121.258","122.674","121.074","10,24B","0,92%"
"16.01.2025","121.234","122.649","122.660","120.796","11,31B","-1,15%"
"15.01.2025","122.650","119.309","122.988","119.303","11,93B","2,81%"
"14.01.2025","119.299","119.007","119.451","118.223","9,35B","0,25%"
"13.01.2025","119.007","118.856","119.729","118.743","8,16B","0,13%"
"10.01.2025","118.856","119.781","120.052","118.732","9,26B","-0,77%"
"09.01.2025","119.781","119.625","120.145","119.502","6,61B","0,13%"
"08.01.2025","119.625","121.160","121.160","119.351","10,23B","-1,27%"
"07.01.2025","121.163","120.022","121.713","120.022","11,12B","0,95%"
"06.01.2025","120.022","118.534","120.322","118.534","9,69M","1,26%"
"03.01.2025","118.533","120.125","120.356","118.404","9,80M","-1,33%"
"02.01.2025","120.125","120.283","120.782","119.120","9,37M","-0,13%"
"30.12.2024","120.283","120.267","121.050","120.158","8,90M","0,01%"
"27.12.2024","120.269","121.078","121.609","120.252","8,94M","-0,67%"
"26.12.2024","121.078","120.767","121.612","120.428","8,34M","0,26%"
"23.12.2024","120.767","122.105","122.105","120.617","9,95M","-1,09%"
"20.12.2024","122.102","121.183","122.209","120.700","18,13M","0,75%"
"19.12.2024","121.188","120.768","121.770","120.768","13,68M","0,34%"
"18.12.2024","120.772","124.699","124.699","120.457","19,74M","-3,15%"
"17.12.2024","124.698","123.560","125.301","123.560","17,56M","0,92%"
"16.12.2024","123.560","124.610","124.956","123.495","11,07M","-0,84%"
"13.12.2024","124.612","126.102","126.290","124.578","11,76M","-1,13%"
"12.12.2024","126.042","129.587","129.587","125.829","13,45M","-2,74%"
"11.12.2024","129.593","128.228","130.899","127.362","13,17M","1,06%"
"10.12.2024","128.228","127.213","128.511","127.213","9,14M","0,80%"
"09.12.2024","127.210","125.946","127.542","125.946","9,37M","1,00%"
"06.12.2024","125.946","127.856","127.872","125.833","11,22M","-1,50%"
"05.12.2024","127.858","126.088","127.989","126.087","9,53M","1,40%"
"04.12.2024","126.087","126.139","126.720","125.828","9,39M","-0,04%"
"03.12.2024","126.139","125.235","126.417","125.233","9,99M","0,72%"
"02.12.2024","125.236","125.668","125.901","124.734","11,52M","-0,34%"
"29.11.2024","125.668","124.611","126.056","123.946","16,40M","0,85%"
"28.11.2024","124.610","127.667","127.668","124.390","12,83M","-2,40%"
"27.11.2024","127.669","129.923","130.283","127.669","12,32M","-1,73%"
"26.11.2024","129.922","129.043","130.361","129.042","9,75M","0,69%"
"25.11.2024","129.036","129.125","129.495","128.932","14,41M","-0,07%"
"22.11.2024","129.126","126.944","129.126","126.944","9,19M","1,74%"
"21.11.2024","126.922","128.197","128.197","126.594","10,27M","-0,99%"
"19.11.2024","128.197","127.768","128.579","127.235","9,10M","0,34%"
"18.11.2024","127.768","127.791","128.277","127.226","10,74M","-0,02%"
"14.11.2024","127.792","127.734","128.423","127.389","13,14M","0,05%"
"13.11.2024","127.734","127.698","128.100","126.869","12,69M","0,03%"
"12.11.2024","127.698","127.873","128.210","127.411","9,52M","-0,14%"
"11.11.2024","127.874","127.829","128.095","127.306","8,40M","0,03%"
"08.11.2024","127.830","129.647","129.647","126.973","13,18M","-1,43%"
"07.11.2024","129.682","130.341","131.319","129.406","10,52M","-0,51%"
"06.11.2024","130.341","130.613","130.670","128.822","10,54M","-0,24%"
"05.11.2024","130.661","130.515","130.769","129.692","8,56M","0,11%"
"04.11.2024","130.515","128.130","130.609","128.128","9,01M","1,87%"
"01.11.2024","128.121","129.718","129.902","128.070","9,90M","-1,23%"
"31.10.2024","129.713","130.639","130.798","129.642","9,07M","-0,71%"
"30.10.2024","130.639","130.730","131.027","130.473","7,33M","-0,07%"
"29.10.2024","130.730","131.214","131.765","130.693","7,64M","-0,37%"
"28.10.2024","131.213","129.894","131.421","129.894","7,14M","1,02%"
"25.10.2024","129.893","130.067","130.529","129.806","8,51M","-0,13%"
"24.10.2024","130.067","129.233","130.130","128.798","8,31M","0,65%"
"23.10.2024","129.233","129.949","129.949","128.589","7,96M","-0,55%"
"22.10.2024","129.951","130.346","130.346","129.094","8,22M","-0,31%"
"21.10.2024","130.362","130.499","131.124","130.157","7,77M","-0,11%"
"18.10.2024","130.499","130.793","131.725","130.121","8,68M","-0,22%"
"17.10.2024","130.793","131.716","131.716","129.902","7,09M","-0,73%"
"16.10.2024","131.750","131.045","132.233","130.780","10,28M","0,54%"
"15.10.2024","131.043","131.005","131.457","130.200","7,98M","0,03%"
"14.10.2024","131.005","129.992","131.220","129.729","8,50M","0,78%"
"11.10.2024","129.992","130.354","130.354","129.338","7,97M","-0,28%"
"10.10.2024","130.353","129.963","130.418","129.835","7,62M","0,30%"
"09.10.2024","129.962","131.510","131.520","129.719","9,22M","-1,18%"
"08.10.2024","131.512","132.016","132.016","130.371","9,09M","-0,38%"
"07.10.2024","132.018","131.792","132.943","131.676","7,70M","0,17%"
"04.10.2024","131.792","131.672","131.936","131.156","7,05M","0,09%"
"03.10.2024","131.672","133.514","133.514","131.176","9,82M","-1,38%"
"02.10.2024","133.515","132.495","134.922","132.495","9,40M","0,77%"
"01.10.2024","132.495","131.817","133.405","131.817","9,84M","0,51%"
"30.09.2024","131.816","132.761","133.120","131.816","9,13M","-0,69%"
"27.09.2024","132.730","133.010","133.923","132.628","9,34M","-0,21%"
"26.09.2024","133.010","131.595","133.313","131.594","11,62M","1,08%"
"25.09.2024","131.586","132.156","132.982","131.489","10,53M","-0,43%"
"24.09.2024","132.156","130.570","133.073","130.570","9,37M","1,22%"
"23.09.2024","130.568","131.065","131.065","130.100","9,14M","-0,38%"
"20.09.2024","131.065","133.121","133.128","130.907","13,61M","-1,55%"
"19.09.2024","133.123","133.748","134.759","133.123","9,25M","-0,47%"
"18.09.2024","133.748","134.960","135.203","133.748","9,79M","-0,90%"
"17.09.2024","134.960","135.118","135.118","134.180","7,31M","-0,12%"
"16.09.2024","135.118","134.885","135.715","134.870","6,71M","0,18%"
"13.09.2024","134.882","134.031","135.879","134.031","8,87M","0,64%"
"12.09.2024","134.029","134.677","134.777","133.591","7,00M","-0,48%"
"11.09.2024","134.677","134.319","135.087","133.757","7,95M","0,27%"
"10.09.2024","134.320","134.738","134.738","133.754","8,25M","-0,31%"
"09.09.2024","134.737","134.574","135.250","134.399","6,59M","0,12%"
"06.09.2024","134.572","136.508","136.653","134.476","7,56M","-1,41%"
"05.09.2024","136.502","136.112","136.656","135.959","7,53M","0,29%"
"04.09.2024","136.111","134.359","136.838","134.359","9,42M","1,31%"
"03.09.2024","134.353","134.907","135.011","134.171","8,80M","-0,41%"
"02.09.2024","134.906","136.004","136.004","134.497","5,53M","-0,81%"
"30.08.2024","136.004","136.041","136.139","134.910","18,40M","-0,03%"
"29.08.2024","136.041","137.349","137.370","135.858","8,39M","-0,95%"
"28.08.2024","137.344","136.776","137.469","135.746","7,46M","0,42%"
"27.08.2024","136.776","136.888","137.213","136.664","6,75M","-0,08%"
"26.08.2024","136.889","135.608","137.013","135.596","7,56M","0,94%"
"23.08.2024","135.608","135.174","136.478","135.174","8,65M","0,32%"
"22.08.2024","135.173","136.462","136.462","134.836","8,05M","-0,95%"
"21.08.2024","136.464","136.088","137.040","136.086","9,57M","0,28%"
"20.08.2024","136.087","135.779","136.330","135.312","8,11M","0,23%"
"19.08.2024","135.778","133.953","136.179","133.953","11,28M","1,36%"
"16.08.2024","133.953","134.154","134.781","133.852","10,87M","-0,15%"
"15.08.2024","134.153","133.319","134.575","133.319","10,53M","0,63%"
"14.08.2024","133.318","132.398","133.777","132.112","12,16M","0,69%"
"13.08.2024","132.398","131.115","132.430","131.115","9,80M","0,98%"
"12.08.2024","131.116","130.615","131.662","130.615","8,60M","0,38%"
"09.08.2024","130.615","128.662","130.631","128.662","11,32M","1,52%"
"08.08.2024","128.661","127.515","128.793","127.515","8,62M","0,90%"
"07.08.2024","127.514","126.268","127.517","126.268","8,84M","0,99%"
"06.08.2024","126.267","125.270","126.966","125.261","10,05M","0,80%"
"05.08.2024","125.270","125.851","125.851","123.073","10,89M","-0,46%"
"02.08.2024","125.854","127.395","128.104","125.731","9,95M","-1,21%"
"01.08.2024","127.395","127.652","128.762","127.150","9,81M","-0,20%"
"31.07.2024","127.652","126.139","127.853","126.139","9,47M","1,20%"
"30.07.2024","126.139","126.951","126.951","125.973","6,85M","-0,64%"
"29.07.2024","126.954","127.492","127.657","126.606","7,08M","-0,42%"
"26.07.2024","127.492","125.964","127.700","125.953","8,27M","1,22%"
"25.07.2024","125.954","126.423","126.423","125.626","7,13M","-0,37%"
"24.07.2024","126.423","126.596","126.823","126.218","7,30M","-0,13%"
"23.07.2024","126.590","127.860","127.860","126.530","7,02M","-0,99%"
"22.07.2024","127.860","127.616","128.151","127.456","6,10M","0,19%"
"19.07.2024","127.616","127.652","128.360","127.413","7,62M","-0,03%"
"18.07.2024","127.652","129.450","129.454","127.523","7,59M","-1,39%"
"17.07.2024","129.450","129.112","129.658","128.741","6,67M","0,26%"
"16.07.2024","129.110","129.322","129.521","128.761","6,82M","-0,16%"
"15.07.2024","129.321","128.898","129.485","128.723","5,83M","0,33%"
"12.07.2024","128.897","128.293","129.015","128.002","7,21M","0,47%"
"11.07.2024","128.294","127.221","128.326","127.221","7,97M","0,85%"
"10.07.2024","127.218","127.109","127.769","126.928","8,15M","0,09%"
"09.07.2024","127.108","126.548","127.295","125.937","6,68M","0,44%"
"08.07.2024","126.548","126.280","126.551","125.614","7,43M","0,22%"
"05.07.2024","126.267","126.165","126.662","125.556","8,09M","0,08%"
"04.07.2024","126.164","125.666","126.660","125.666","6,54M","0,40%"
"03.07.2024","125.662","124.787","126.581","124.787","8,53M","0,70%"
"02.07.2024","124.787","124.720","125.491","124.310","8,37M","0,06%"
"01.07.2024","124.718","123.905","125.220","123.735","8,23M","0,65%"
"28.06.2024","123.907","124.308","124.500","123.298","9,07M","-0,32%"
"27.06.2024","124.308","122.642","124.308","122.642","8,71M","1,36%"
"26.06.2024","122.641","122.331","122.701","121.402","8,18M","0,25%"
"25.06.2024","122.331","122.634","122.849","121.997","6,94M","-0,25%"
"24.06.2024","122.637","121.343","122.840","121.307","7,84M","1,07%"
"21.06.2024","121.341","120.446","121.580","120.061","12,91M","0,74%"
"20.06.2024","120.446","120.267","121.607","120.156","8,66M","0,15%"
"19.06.2024","120.261","119.630","120.383","118.960","5,65M","0,53%"
"18.06.2024","119.630","119.138","120.109","118.872","8,10M","0,41%"
"17.06.2024","119.138","119.663","119.663","118.685","7,38M","-0,44%"
"14.06.2024","119.662","119.558","120.214","118.828","7,85M","0,08%"
"13.06.2024","119.568","119.936","120.222","119.171","8,54M","-0,31%"
"12.06.2024","119.936","121.644","122.483","119.544","11,28M","-1,40%"
"11.06.2024","121.635","120.760","121.759","120.757","7,49M","0,73%"
"10.06.2024","120.760","120.769","121.421","120.540","6,57M","-0,01%"
"07.06.2024","120.767","122.899","122.899","120.679","9,80M","-1,73%"
"06.06.2024","122.899","121.408","123.246","121.377","8,40M","1,23%"
"05.06.2024","121.407","121.803","122.170","121.253","8,77M","-0,32%"
"04.06.2024","121.802","122.032","122.032","120.878","8,53M","-0,19%"
"03.06.2024","122.032","122.100","122.495","121.496","8,43M","-0,05%"
"31.05.2024","122.098","122.704","122.837","121.929","15,92M","-0,50%"
"29.05.2024","122.707","123.780","123.780","122.458","8,26M","-0,87%"
"28.05.2024","123.780","124.498","125.392","123.537","9,18M","-0,58%"
"27.05.2024","124.496","124.297","124.535","124.081","4,33M","0,15%"
"24.05.2024","124.306","124.731","125.257","124.259","9,21M","-0,34%"
"23.05.2024","124.729","125.650","125.665","124.431","9,99M","-0,73%"
"22.05.2024","125.650","127.412","127.412","125.524","12,40M","-1,38%"
"21.05.2024","127.412","127.754","128.272","127.205","9,14M","-0,27%"
"20.05.2024","127.751","128.151","128.730","127.488","9,34M","-0,31%"
"17.05.2024","128.151","128.280","128.464","127.696","10,26M","-0,10%"
"16.05.2024","128.284","128.029","128.965","127.922","9,86M","0,20%"
"15.05.2024","128.028","128.514","128.646","127.029","10,86M","-0,38%"
"14.05.2024","128.515","128.155","128.965","127.962","11,89M","0,28%"
"13.05.2024","128.155","127.600","128.669","127.599","8,92M","0,44%"
"10.05.2024","127.600","128.188","129.022","127.467","12,57M","-0,46%"
"09.05.2024","128.188","129.468","129.468","127.376","13,37M","-1,00%"
"08.05.2024","129.481","129.210","129.564","128.048","9,79M","0,21%"
"07.05.2024","129.210","128.466","129.745","128.464","10,18M","0,58%"
"06.05.2024","128.466","128.506","129.181","128.294","8,78M","-0,03%"
"03.05.2024","128.509","127.130","128.787","127.130","12,80M","1,09%"
"02.05.2024","127.122","125.926","127.670","125.926","11,55M","0,95%"
"30.04.2024","125.924","127.352","127.352","125.856","10,89M","-1,12%"
"29.04.2024","127.352","126.527","127.352","126.467","8,39M","0,65%"
"26.04.2024","126.526","124.651","126.826","124.651","8,90M","1,51%"
"25.04.2024","124.646","124.718","124.732","123.703","10,09M","-0,08%"
"24.04.2024","124.741","125.149","125.473","124.556","10,53M","-0,33%"
"23.04.2024","125.148","125.572","125.826","124.310","11,26M","-0,34%"
"22.04.2024","125.573","125.124","126.081","124.633","10,26M","0,36%"
"19.04.2024","125.124","124.197","125.509","124.056","13,60M","0,75%"
"18.04.2024","124.196","124.171","125.140","123.397","10,66M","0,02%"
"17.04.2024","124.171","124.389","125.301","123.642","11,37M","-0,17%"
"16.04.2024","124.389","125.316","125.316","123.756","14,01M","-0,75%"
"15.04.2024","125.334","125.946","126.250","125.034","13,50M","-0,49%"
"12.04.2024","125.946","127.396","127.640","125.635","10,25M","-1,14%"
"11.04.2024","127.396","128.051","128.051","127.069","8,88M","-0,51%"
"10.04.2024","128.054","129.872","129.872","127.732","10,45M","-1,41%"
"09.04.2024","129.890","128.858","129.956","128.826","8,49M","0,80%"
"08.04.2024","128.857","126.796","129.178","126.796","8,13M","1,63%"
"05.04.2024","126.795","127.422","127.432","126.394","9,10M","-0,50%"
"04.04.2024","127.428","127.313","129.627","127.178","13,24M","0,09%"
"03.04.2024","127.318","127.546","127.694","126.181","11,03M","-0,18%"
"02.04.2024","127.549","126.990","127.654","126.669","9,07M","0,44%"
"01.04.2024","126.990","128.106","128.659","126.772","9,37M","-0,87%"
"28.03.2024","128.106","127.689","128.364","127.270","9,94M","0,33%"
"27.03.2024","127.691","126.863","127.756","126.223","9,92M","0,65%"
"26.03.2024","126.863","126.931","127.193","126.591","9,44M","-0,05%"
"25.03.2024","126.931","127.027","127.224","126.750","8,06M","-0,08%"
"22.03.2024","127.027","128.159","128.159","126.879","9,37M","-0,88%"
"21.03.2024","128.159","129.125","129.556","128.093","9,57M","-0,75%"
"20.03.2024","129.125","127.534","129.210","127.349","10,82M","1,25%"
"19.03.2024","127.529","126.955","128.000","126.955","11,18M","0,45%"
"18.03.2024","126.954","126.758","127.540","126.272","10,51M","0,17%"
"15.03.2024","126.742","127.682","127.957","126.502","14,99M","-0,74%"
"14.03.2024","127.690","127.992","128.256","127.192","9,29M","-0,25%"
"13.03.2024","128.006","127.668","128.530","127.439","8,84M","0,26%"
"12.03.2024","127.668","126.124","128.039","126.121","9,48M","1,22%"
"11.03.2024","126.124","127.068","127.068","126.065","8,90M","-0,75%"
"08.03.2024","127.071","128.335","128.338","125.802","11,94M","-0,99%"
"07.03.2024","128.340","128.890","129.188","128.033","7,35M","-0,43%"
"06.03.2024","128.890","128.099","129.323","128.099","11,06M","0,62%"
"05.03.2024","128.098","128.336","128.989","127.823","9,69M","-0,19%"
"04.03.2024","128.341","129.176","129.307","128.278","7,97M","-0,65%"
"01.03.2024","129.180","129.026","129.716","128.717","9,77M","0,12%"
"29.02.2024","129.020","130.155","130.155","128.669","12,00M","-0,87%"
"28.02.2024","130.155","131.685","131.685","129.771","9,05M","-1,16%"
"27.02.2024","131.689","129.613","131.696","129.613","10,05M","1,61%"
"26.02.2024","129.609","129.417","129.978","129.077","7,44M","0,15%"
"23.02.2024","129.419","130.240","130.624","129.077","9,23M","-0,63%"
"22.02.2024","130.241","130.035","130.829","129.971","10,77M","0,16%"
"21.02.2024","130.032","129.916","130.034","129.359","12,59M","0,09%"
"20.02.2024","129.916","129.033","129.916","128.326","12,24M","0,68%"
"19.02.2024","129.036","128.720","129.036","128.097","5,80M","0,24%"
"16.02.2024","128.726","127.809","129.069","127.653","10,12M","0,72%"
"15.02.2024","127.804","127.018","127.824","126.932","10,98M","0,62%"
"14.02.2024","127.018","128.026","128.026","126.663","7,75M","-0,79%"
"09.02.2024","128.026","128.216","128.896","127.579","12,12M","-0,15%"
"08.02.2024","128.217","129.950","130.126","127.912","13,63M","-1,33%"
"07.02.2024","129.950","130.412","130.552","129.426","15,43M","-0,36%"
"06.02.2024","130.416","127.593","130.417","127.593","13,78M","2,21%"
"05.02.2024","127.593","127.182","127.834","126.443","9,64M","0,32%"
"02.02.2024","127.182","128.471","128.878","126.628","10,98M","-1,01%"
"01.02.2024","128.481","127.752","128.481","127.284","10,23M","0,57%"
"31.01.2024","127.752","127.402","129.558","127.326","12,50M","0,28%"
"30.01.2024","127.402","128.492","128.492","127.105","10,04M","-0,86%"
"29.01.2024","128.503","128.970","129.068","127.853","8,76M","-0,36%"
"26.01.2024","128.967","128.196","129.252","127.869","8,51M","0,62%"
"25.01.2024","128.169","127.815","128.697","127.803","8,76M","0,28%"
"24.01.2024","127.816","128.275","129.446","127.680","8,82M","-0,35%"
"23.01.2024","128.263","126.612","128.331","126.612","9,37M","1,31%"
"22.01.2024","126.602","127.636","127.843","125.876","9,51M","-0,81%"
"19.01.2024","127.636","127.319","127.820","126.533","11,96M","0,25%"
"18.01.2024","127.316","128.524","129.047","127.316","12,46M","-0,94%"
"17.01.2024","128.524","129.293","129.296","128.312","9,95M","-0,60%"
"16.01.2024","129.294","131.515","131.517","129.147","11,91M","-1,69%"
"15.01.2024","131.521","130.988","131.606","130.253","5,75M","0,41%"
"12.01.2024","130.988","130.652","131.927","130.410","10,66M","0,26%"
"11.01.2024","130.649","130.841","131.308","129.898","9,76M","-0,15%"
"10.01.2024","130.841","131.447","131.628","130.438","8,96M","-0,46%"
"09.01.2024","131.447","132.424","132.426","131.203","9,29M","-0,74%"
"08.01.2024","132.427","132.023","132.498","131.015","8,50M","0,31%"
"05.01.2024","132.023","131.218","132.635","130.579","9,20M","0,61%"
"04.01.2024","131.226","132.831","132.885","131.024","8,97M","-1,21%"
"03.01.2024","132.834","132.697","133.576","132.250","8,70M","0,10%"
"02.01.2024","132.697","134.186","134.195","132.095","8,44M","-1,11%"